{
    "accuracy": 0.7845299979769726,
    "precision": 0.7114669004180126,
    "recall": 0.7845299979769726,
    "f1": 0.706898716122781
}